Workbook

Sheet Raw Data
A1: patient_id | B1: age | C1: gender | D1: hospital | E1: department | F1: diagnosis | G1: insurance_type | H1: admit_date | I1: discharge_date | J1: length_of_stay_days | K1: total_cost_usd | L1: outcome | M1: satisfaction_score
A2: P10000 | B2: 32 | C2: Male | D2: Riverside Medical | E2: Orthopedics | F2: Osteoarthritis | G2: Medicaid | H2: 2022-04-15 | I2: 2022-04-16 | J2: 1 | K2: 4877.43 | L2: Discharged | M2: 3.6
A3: P10001 | B3: 45 | C3: Male | D3: Valley Health | E3: Oncology | F3: Lung Cancer | G3: Uninsured | H3: 2022-07-23 | I3: 2022-07-31 | J3: 8 | K3: 17211.8 | L3: Discharged | M3: 2.3
A4: P10002 | B4: 75 | C4: Female | D4: City General | E4: Orthopedics | F4: Rotator Cuff Tear | G4: Blue Cross | H4: 2022-10-12 | I4: 2022-10-19 | J4: 7 | K4: 12996.21 | L4: Discharged | M4: 3.7
A5: P10003 | B5: 62 | C5: Female | D5: City General | E5: Pulmonology | F5: Pulmonary Embolism | G5: Uninsured | H5: 2022-05-08 | I5: 2022-05-13 | J5: 5 | K5: 8557.64 | L5: Discharged | M5: 3.4
A6: P10004 | B6: 64 | C6: Male | D6: City General | E6: Cardiology | F6: Heart Failure | G6: Blue Cross | H6: 2022-03-23 | I6: 2022-03-30 | J6: 7 | K6: 8608.58 | L6: Discharged | M6: 2.2
A7: P10005 | B7: 38 | C7: Female | D7: Riverside Medical | E7: Orthopedics | F7: Spinal Stenosis | G7: United Health | H7: 2023-12-01 | I7: 2023-12-05 | J7: 4 | K7: 7620.22 | L7: Discharged | M7: 2.8
A8: P10006 | B8: 49 | C8: Male | D8: Northside Clinic | E8: Emergency | F8: Severe Laceration | G8: United Health | H8: 2023-12-06 | I8: 2023-12-07 | J8: 1 | K8: 3259.47 | L8: Readmitted within 30d | M8: 3.8
A9: P10007 | B9: 22 | C9: Female | D9: Northside Clinic | E9: Neurology | F9: Migraine | G9: Medicaid | H9: 2023-08-04 | I9: 2023-08-07 | J9: 3 | K9: 8843.16 | L9: Discharged | M9: 3.2
A10: P10008 | B10: 68 | C10: Female | D10: St. Mary's | E10: Neurology | F10: Epilepsy | G10: Medicaid | H10: 2023-07-29 | I10: 2023-08-01 | J10: 3 | K10: 7453.29 | L10: Discharged | M10: 3.1
A11: P10009 | B11: 35 | C11: Female | D11: City General | E11: Cardiology | F11: Hypertension | G11: Medicaid | H11: 2023-10-05 | I11: 2023-10-08 | J11: 3 | K11: 11076.25 | L11: Discharged | M11: 4.5
A12: P10010 | B12: 67 | C12: Female | D12: Valley Health | E12: Emergency | F12: Severe Laceration | G12: Uninsured | H12: 2022-01-12 | I12: 2022-01-14 | J12: 2 | K12: 3714.11 | L12: Readmitted within 30d | M12: 3.7
A13: P10011 | B13: 61 | C13: Male | D13: Riverside Medical | E13: Emergency | F13: Appendicitis | G13: Aetna | H13: 2022-01-04 | I13: 2022-01-05 | J13: 1 | K13: 4852.66 | L13: Discharged | M13: 3.3
... A23: P10021 | B23: 24 | C23: Male | D23: City General | E23: Orthopedics | F23: Osteoarthritis | G23: Aetna | H23: 2023-05-13 | I23: 2023-05-14 | J23: 1 | K23: 4739.81 | L23: Readmitted within 30d | M23: 3.9
A24: P10022 | B24: 39 | C24: Female | D24: City General | E24: Emergency | F24: Severe Laceration | G24: Aetna | H24: 2022-10-20 | I24: 2022-10-21 | J24: 1 | K24: 4347.62 | L24: Deceased
A25: P10023 | B25: 89 | C25: Female | D25: St. Mary's | E25: Orthopedics | F25: Spinal Stenosis | G25: Medicaid | H25: 2022-03-01 | I25: 2022-03-03 | J25: 2 | K25: 7140.94 | L25: Transferred | M25: 4.6
A26: P10024 | B26: 82 | C26: Male | D26: City General | E26: Oncology | F26: Lung Cancer | G26: Medicaid | H26: 2022-03-12 | I26: 2022-03-21 | J26: 9 | K26: 14879.38 | L26: Discharged | M26: 2.8
A27: P10025 | B27: 33 | C27: Male | D27: Valley Health | E27: Oncology | F27: Lung Cancer | G27: Uninsured | H27: 2022-03-25 | I27: 2022-03-30 | J27: 5 | K27: 18930.23 | L27: Discharged | M27: 4
A28: P10026 | B28: 58 | C28: Male | D28: Riverside Medical | E28: Emergency | F28: Appendicitis | G28: United Health | H28: 2023-10-23 | I28: 2023-10-24 | J28: 1 | K28: 3427.58 | L28: Transferred | M28: 4.3
A29: P10027 | B29: 27 | C29: Male | D29: Northside Clinic | E29: Oncology | F29: Lung Cancer | G29: Medicare | H29: 2023-07-05 | I29: 2023-07-12 | J29: 7 | K29: 20092.34 | L29: Readmitted within 30d | M29: 4.5
A30: P10028 | B30: 65 | C30: Female | D30: St. Mary's | E30: Emergency | F30: Severe Laceration | G30: Uninsured | H30: 2023-11-01 | I30: 2023-11-02 | J30: 1 | K30: 2665.44 | L30: Discharged | M30: 3.6
A31: P10029 | B31: 31 | C31: Male | D31: Riverside Medical | E31: Cardiology | F31: Hypertension | G31: United Health | H31: 2023-07-21 | I31: 2023-07-26 | J31: 5 | K31: 11646.09 | L31: Discharged | M31: 3
A32: P10030 | B32: 51 | C32: Female | D32: Riverside Medical | E32: Cardiology | F32: Hypertension | G32: United Health | H32: 2023-03-10 | I32: 2023-03-17 | J32: 7 | K32: 11544.1 | L32: Discharged | M32: 3.3
A33: P10031 | B33: 34 | C33: Female | D33: St. Mary's | E33: Pulmonology | F33: Pulmonary Embolism | G33: Uninsured | H33: 2023-12-24 | I33: 2023-12-28 | J33: 4 | K33: 7167.3 | L33: Discharged | M33: 4.7
A34: P10032 | B34: 87 | C34: Male | D34: Riverside Medical | E34: Oncology | F34: Breast Cancer | G34: Aetna | H34: 2022-05-11 | I34: 2022-05-17 | J34: 6 | K34: 20159.24 | L34: Readmitted within 30d | M34: 3.7
A35: P10033 | B35: 23 | C35: Female | D35: St. Mary's | E35: Pulmonology | F35: Asthma | G35: United Health | H35: 2022-04-16 | I35: 2022-04-18 | J35: 2 | K35: 7420.7 | L35: Readmitted within 30d | M35: 4.8
A36: P10034 | B36: 48 | C36: Male | D36: St. Mary's | E36: Emergency | F36: Chest Pain | G36: Medicaid | H36: 2022-12-07 | I36: 2022-12-08 | J36: 1 | K36: 3733.23 | L36: Discharged | M36: 3
... A56: P10054 | B56: 28 | C56: Female | D56: City General | E56: Pulmonology | F56: COPD | G56: Blue Cross | H56: 2022-08-18 | I56: 2022-08-21 | J56: 3 | K56: 5574.18 | L56: Discharged | M56: 2.7
A57: P10055 | B57: 21 | C57: Male | D57: St. Mary's | E57: Cardiology | F57: Heart Failure | G57: Medicaid | H57: 2022-05-10 | I57: 2022-05-13 | J57: 3 | K57: 9838.56 | L57: Deceased
A58: P10056 | B58: 77 | C58: Female | D58: Riverside Medical | E58: Orthopedics | F58: Fracture | G58: Medicaid | H58: 2022-11-15 | I58: 2022-11-20 | J58: 5 | K58: 9406.33 | L58: Discharged | M58: 2.8
A59: P10057 | B59: 68 | C59: Male | D59: City General | E59: Oncology | F59: Breast Cancer | G59: Medicare | H59: 2023-12-15 | I59: 2023-12-19 | J59: 4 | K59: 17423.11 | L59: Discharged | M59: 2.2
A60: P10058 | B60: 33 | C60: Male | D60: Riverside Medical | E60: Oncology | F60: Lymphoma | G60: United Health | H60: 2023-01-15 | I60: 2023-01-25 | J60: 10 | K60: 20818.97 | L60: Discharged | M60: 2.6
A61: P10059 | B61: 73 | C61: Female | D61: Northside Clinic | E61: Pulmonology | F61: Asthma | G61: Aetna | H61: 2022-06-30 | I61: 2022-07-06 | J61: 6 | K61: 7609.91 | L61: Discharged | M61: 1.7
A62: P10060 | B62: 86 | C62: Female | D62: Northside Clinic | E62: Emergency | F62: Severe Laceration | G62: Blue Cross | H62: 2022-09-09 | I62: 2022-09-12 | J62: 3 | K62: 4161.8 | L62: Readmitted within 30d | M62: 3.7
A63: P10061 | B63: 66 | C63: Female | D63: City General | E63: Emergency | F63: Severe Laceration | G63: Medicaid | H63: 2023-05-15 | I63: 2023-05-19 | J63: 4 | K63: 5069.81 | L63: Discharged | M63: 4.8
A64: P10062 | B64: 53 | C64: Male | D64: Valley Health | E64: Orthopedics | F64: Fracture | G64: Medicaid | H64: 2023-02-21 | I64: 2023-02-22 | J64: 1 | K64: 7773.98 | L64: Discharged | M64: 3.3
A65: P10063 | B65: 20 | C65: Male | D65: Riverside Medical | E65: Orthopedics | F65: Rotator Cuff Tear | G65: United Health | H65: 2022-09-07 | I65: 2022-09-08 | J65: 1 | K65: 6942.59 | L65: Discharged | M65: 4.6
A66: P10064 | B66: 85 | C66: Female | D66: Northside Clinic | E66: Pulmonology | F66: Pneumonia | G66: Blue Cross | H66: 2023-12-21 | I66: 2023-12-25 | J66: 4 | K66: 7369.75 | L66: Discharged | M66: 3.5
A67: P10065 | B67: 86 | C67: Male | D67: St. Mary's | E67: Orthopedics | F67: Rotator Cuff Tear | G67: Blue Cross | H67: 2023-08-27 | I67: 2023-08-30 | J67: 3 | K67: 10137.25 | L67: Discharged | M67: 3.5
A68: P10066 | B68: 30 | C68: Male | D68: Riverside Medical | E68: Orthopedics | F68: Spinal Stenosis | G68: Medicaid | H68: 2022-11-06 | I68: 2022-11-11 | J68: 5 | K68: 9358.01 | L68: Discharged | M68: 4.4
A69: P10067 | B69: 34 | C69: Female | D69: City General | E69: Cardiology | F69: Atrial Fibrillation | G69: Aetna | H69: 2023-05-06 | I69: 2023-05-10 | J69: 4 | K69: 9089.74 | L69: Discharged | M69: 3.8
... A79: P10077 | B79: 80 | C79: Male | D79: Northside Clinic | E79: Neurology | F79: Multiple Sclerosis | G79: Blue Cross | H79: 2022-11-25 | I79: 2022-11-30 | J79: 5 | K79: 7508.07 | L79: Discharged | M79: 2.3
A80: P10078 | B80: 81 | C80: Female | D80: Northside Clinic | E80: Oncology | F80: Lung Cancer | G80: Aetna | H80: 2022-04-01 | I80: 2022-04-09 | J80: 8 | K80: 20636.32 | L80: Deceased
A81: P10079 | B81: 69 | C81: Male | D81: Valley Health | E81: Emergency | F81: Diabetic Ketoacidosis | G81: Medicare | H81: 2022-07-12 | I81: 2022-07-13 | J81: 1 | K81: 3496.71 | L81: Discharged | M81: 3.5
A82: P10080 | B82: 52 | C82: Male | D82: Riverside Medical | E82: Emergency | F82: Diabetic Ketoacidosis | G82: Medicare | H82: 2022-01-30 | I82: 2022-02-01 | J82: 2 | K82: 4864.47 | L82: Discharged | M82: 3.5
A83: P10081 | B83: 38 | C83: Female | D83: Valley Health | E83: Cardiology | F83: Coronary Artery Disease | G83: Medicare | H83: 2022-08-19 | I83: 2022-08-28 | J83: 9 | K83: 11917.33 | L83: Discharged | M83: 4.3
A84: P10082 | B84: 81 | C84: Female | D84: Valley Health | E84: Pulmonology | F84: Pneumonia | G84: Aetna | H84: 2023-05-10 | I84: 2023-05-18 | J84: 8 | K84: 9515.89 | L84: Discharged | M84: 3.3
A85: P10083 | B85: 67 | C85: Male | D85: Valley Health | E85: Oncology | F85: Breast Cancer | G85: Medicare | H85: 2022-10-10 | I85: 2022-10-19 | J85: 9 | K85: 12770.22 | L85: Discharged | M85: 3.5
A86: P10084 | B86: 18 | C86: Female | D86: Riverside Medical | E86: Oncology | F86: Lymphoma | G86: Medicaid | H86: 2023-04-03 | I86: 2023-04-08 | J86: 5 | K86: 14320.35 | L86: Discharged | M86: 3.4
A87: P10085 | B87: 87 | C87: Female | D87: Northside Clinic | E87: Neurology | F87: Epilepsy | G87: United Health | H87: 2022-09-02 | I87: 2022-09-07 | J87: 5 | K87: 8367.53 | L87: Readmitted within 30d | M87: 4.7
A88: P10086 | B88: 66 | C88: Female | D88: St. Mary's | E88: Emergency | F88: Chest Pain | G88: Medicaid | H88: 2023-05-30 | I88: 2023-06-02 | J88: 3 | K88: 4961.33 | L88: Discharged | M88: 3.5
A89: P10087 | B89: 74 | C89: Male | D89: Valley Health | E89: Emergency | F89: Chest Pain | G89: United Health | H89: 2022-05-28 | I89: 2022-05-29 | J89: 1 | K89: 4100.26 | L89: Discharged | M89: 1.9
A90: P10088 | B90: 61 | C90: Female | D90: City General | E90: Neurology | F90: Multiple Sclerosis | G90: Blue Cross | H90: 2023-10-04 | I90: 2023-10-11 | J90: 7 | K90: 9151.68 | L90: Readmitted within 30d | M90: 2.3
A91: P10089 | B91: 22 | C91: Male | D91: St. Mary's | E91: Pulmonology | F91: Pneumonia | G91: Medicaid | H91: 2022-04-03 | I91: 2022-04-06 | J91: 3 | K91: 6901.85 | L91: Discharged | M91: 4.2
A92: P10090 | B92: 56 | C92: Male | D92: City General | E92: Neurology | F92: Migraine | G92: Blue Cross | H92: 2023-01-03 | I92: 2023-01-07 | J92: 4 | K92: 7861.11 | L92: Discharged | M92: 3.9
... A143: P10141 | B143: 66 | C143: Female | D143: St. Mary's | E143: Orthopedics | F143: Osteoarthritis | G143: Blue Cross | H143: 2022-02-23 | I143: 2022-02-24 | J143: 1 | K143: 5327.33 | L143: Discharged | M143: 4.8
A144: P10142 | B144: 33 | C144: Female | D144: City General | E144: Orthopedics | F144: Spinal Stenosis | G144: Aetna | H144: 2023-06-10 | I144: 2023-06-15 | J144: 5 | K144: 10128.61 | L144: Deceased
A145: P10143 | B145: 46 | C145: Female | D145: Riverside Medical | E145: Cardiology | F145: Coronary Artery Disease | G145: Medicare | H145: 2023-02-10 | I145: 2023-02-16 | J145: 6 | K145: 9653.41 | L145: Deceased
A146: P10144 | B146: 65 | C146: Male | D146: City General | E146: Neurology | F146: Migraine | G146: United Health | H146: 2023-10-28 | I146: 2023-11-03 | J146: 6 | K146: 8809.78 | L146: Discharged | M146: 3.8
A147: P10145 | B147: 78 | C147: Male | D147: Northside Clinic | E147: Emergency | F147: Chest Pain | G147: Medicare | H147: 2022-01-20 | I147: 2022-01-22 | J147: 2 | K147: 5214.01 | L147: Discharged | M147: 3.6
A148: P10146 | B148: 32 | C148: Female | D148: St. Mary's | E148: Neurology | F148: Migraine | G148: Medicare | H148: 2022-09-02 | I148: 2022-09-05 | J148: 3 | K148: 5883.14 | L148: Discharged | M148: 4.3
A149: P10147 | B149: 32 | C149: Female | D149: Valley Health | E149: Oncology | F149: Lung Cancer | G149: United Health | H149: 2023-06-12 | I149: 2023-06-16 | J149: 4 | K149: 14430 | L149: Discharged | M149: 4.3
A150: P10148 | B150: 71 | C150: Male | D150: City General | E150: Oncology | F150: Colorectal Cancer | G150: Medicare | H150: 2023-06-23 | I150: 2023-07-01 | J150: 8 | K150: 13129.59 | L150: Discharged | M150: 3.1
A151: P10149 | B151: 20 | C151: Female | D151: Northside Clinic | E151: Cardiology | F151: Coronary Artery Disease | G151: Blue Cross | H151: 2022-09-17 | I151: 2022-09-21 | J151: 4 | K151: 8502.31 | L151: Discharged | M151: 3.7
A152: P10150 | B152: 31 | C152: Female | D152: St. Mary's | E152: Cardiology | F152: Atrial Fibrillation | G152: Uninsured | H152: 2022-12-13 | I152: 2022-12-20 | J152: 7 | K152: 11709.81 | L152: Readmitted within 30d | M152: 3
A153: P10151 | B153: 77 | C153: Female | D153: St. Mary's | E153: Orthopedics | F153: Fracture | G153: United Health | H153: 2023-04-14 | I153: 2023-04-20 | J153: 6 | K153: 9822.52 | L153: Readmitted within 30d | M153: 4
A154: P10152 | B154: 57 | C154: Female | D154: Valley Health | E154: Emergency | F154: Severe Laceration | G154: Medicare | H154: 2023-10-25 | I154: 2023-10-26 | J154: 1 | K154: 3817.52 | L154: Transferred | M154: 4.4
A155: P10153 | B155: 60 | C155: Female | D155: City General | E155: Neurology | F155: Multiple Sclerosis | G155: Aetna | H155: 2023-03-27 | I155: 2023-04-03 | J155: 7 | K155: 8773.41 | L155: Deceased
A156: P10154 | B156: 81 | C156: Female | D156: Riverside Medical | E156: Oncology | F156: Colorectal Cancer | G156: Medicare | H156: 2023-03-11 | I156: 2023-03-22 | J156: 11 | K156: 21338.93 | L156: Readmitted within 30d | M156: 2.7
A157: P10155 | B157: 28 | C157: Female | D157: Riverside Medical | E157: Neurology | F157: Multiple Sclerosis | G157: Uninsured | H157: 2023-03-13 | I157: 2023-03-17 | J157: 4 | K157: 9136.85 | L157: Discharged | M157: 4.3
A158: P10156 | B158: 63 | C158: Female | D158: Riverside Medical | E158: Pulmonology | F158: COPD | G158: Medicare | H158: 2023-11-19 | I158: 2023-11-23 | J158: 4 | K158: 6305.12 | L158: Readmitted within 30d | M158: 2.9
A159: P10157 | B159: 36 | C159: Female | D159: City General | E159: Orthopedics | F159: Fracture | G159: Medicaid | H159: 2023-10-23 | I159: 2023-10-24 | J159: 1 | K159: 6655.55 | L159: Discharged | M159: 4.3
A160: P10158 | B160: 37 | C160: Female | D160: Riverside Medical | E160: Neurology | F160: Multiple Sclerosis | G160: Medicare | H160: 2023-08-11 | I160: 2023-08-17 | J160: 6 | K160: 10189.94 | L160: Discharged | M160: 3.2
A161: P10159 | B161: 21 | C161: Male | D161: Northside Clinic | E161: Oncology | F161: Lymphoma | G161: Uninsured | H161: 2022-05-01 | I161: 2022-05-13 | J161: 12 | K161: 19627.78 | L161: Discharged | M161: 3.7
A162: P10160 | B162: 54 | C162: Female | D162: St. Mary's | E162: Cardiology | F162: Heart Failure | G162: Medicare | H162: 2023-04-08 | I162: 2023-04-14 | J162: 6 | K162: 13276.32 | L162: Deceased
A163: P10161 | B163: 58 | C163: Female | D163: City General | E163: Oncology | F163: Colorectal Cancer | G163: Blue Cross | H163: 2022-06-11 | I163: 2022-06-18 | J163: 7 | K163: 11127.22 | L163: Discharged | M163: 3.7
A164: P10162 | B164: 33 | C164: Male | D164: St. Mary's | E164: Orthopedics | F164: Rotator Cuff Tear | G164: Medicare | H164: 2023-01-05 | I164: 2023-01-06 | J164: 1 | K164: 6297.17 | L164: Readmitted within 30d | M164: 3.5
A165: P10163 | B165: 88 | C165: Male | D165: Valley Health | E165: Cardiology | F165: Hypertension | G165: Blue Cross | H165: 2023-02-12 | I165: 2023-02-21 | J165: 9 | K165: 12093.11 | L165: Discharged | M165: 3.5
A166: P10164 | B166: 27 | C166: Male | D166: Riverside Medical | E166: Pulmonology | F166: COPD | G166: Aetna | H166: 2023-04-23 | I166: 2023-04-24 | J166: 1 | K166: 5470.16 | L166: Readmitted within 30d | M166: 3.2
A167: P10165 | B167: 88 | C167: Male | D167: St. Mary's | E167: Emergency | F167: Chest Pain | G167: Medicare | H167: 2023-06-15 | I167: 2023-06-18 | J167: 3 | K167: 4714.81 | L167: Discharged | M167: 3.5
A168: P10166 | B168: 84 | C168: Female | D168: City General | E168: Neurology | F168: Epilepsy | G168: United Health | H168: 2023-07-19 | I168: 2023-07-24 | J168: 5 | K168: 8508.5 | L168: Discharged | M168: 4.5
A169: P10167 | B169: 29 | C169: Male | D169: Valley Health | E169: Oncology | F169: Breast Cancer | G169: Medicaid | H169: 2023-11-06 | I169: 2023-11-10 | J169: 4 | K169: 12042.77 | L169: Discharged | M169: 3.8
A170: P10168 | B170: 21 | C170: Male | D170: City General | E170: Pulmonology | F170: Pneumonia | G170: United Health | H170: 2022-08-04 | I170: 2022-08-07 | J170: 3 | K170: 6821.45 | L170: Discharged | M170: 2.9
A171: P10169 | B171: 81 | C171: Female | D171: Riverside Medical | E171: Emergency | F171: Appendicitis | G171: United Health | H171: 2023-02-20 | I171: 2023-02-22 | J171: 2 | K171: 4238.16 | L171: Discharged | M171: 3
A172: P10170 | B172: 44 | C172: Female | D172: Valley Health | E172: Orthopedics | F172: Spinal Stenosis | G172: United Health | H172: 2022-11-23 | I172: 2022-11-27 | J172: 4 | K172: 8516.58 | L172: Deceased
A173: P10171 | B173: 34 | C173: Female | D173: Valley Health | E173: Oncology | F173: Lung Cancer | G173: Blue Cross | H173: 2022-09-05 | I173: 2022-09-08 | J173: 3 | K173: 13885.35 | L173: Discharged | M173: 3.8
A174: P10172 | B174: 30 | C174: Male | D174: Riverside Medical | E174: Emergency | F174: Diabetic Ketoacidosis | G174: Medicaid | H174: 2022-06-13 | I174: 2022-06-16 | J174: 3 | K174: 3025.87 | L174: Transferred | M174: 3.8
A175: P10173 | B175: 83 | C175: Female | D175: Northside Clinic | E175: Neurology | F175: Multiple Sclerosis | G175: Medicare | H175: 2022-04-03 | I175: 2022-04-11 | J175: 8 | K175: 11519.26 | L175: Deceased
A176: P10174 | B176: 45 | C176: Female | D176: City General | E176: Cardiology | F176: Atrial Fibrillation | G176: Aetna | H176: 2023-09-04 | I176: 2023-09-08 | J176: 4 | K176: 11930.87 | L176: Discharged | M176: 2.9
A177: P10175 | B177: 86 | C177: Male | D177: City General | E177: Emergency | F177: Appendicitis | G177: Blue Cross | H177: 2023-01-10 | I177: 2023-01-13 | J177: 3 | K177: 3791.39 | L177: Discharged | M177: 3.2
A178: P10176 | B178: 88 | C178: Female | D178: City General | E178: Emergency | F178: Diabetic Ketoacidosis | G178: Uninsured | H178: 2022-10-14 | I178: 2022-10-16 | J178: 2 | K178: 4407.53 | L178: Discharged | M178: 2.8
A179: P10177 | B179: 34 | C179: Male | D179: Northside Clinic | E179: Neurology | F179: Stroke | G179: Uninsured | H179: 2023-01-10 | I179: 2023-01-15 | J179: 5 | K179: 7894.3 | L179: Discharged | M179: 3.3
A180: P10178 | B180: 35 | C180: Female | D180: Northside Clinic | E180: Oncology | F180: Lymphoma | G180: Medicaid | H180: 2023-09-13 | I180: 2023-09-20 | J180: 7 | K180: 19088.88 | L180: Readmitted within 30d | M180: 3.2
A181: P10179 | B181: 58 | C181: Male | D181: Northside Clinic | E181: Oncology | F181: Colorectal Cancer | G181: Uninsured | H181: 2022-12-11 | I181: 2022-12-16 | J181: 5 | K181: 16835.43 | L181: Discharged | M181: 2.8
A182: P10180 | B182: 20 | C182: Female | D182: Riverside Medical | E182: Pulmonology | F182: COPD | G182: Aetna | H182: 2023-08-21 | I182: 2023-08-24 | J182: 3 | K182: 5865.36 | L182: Readmitted within 30d | M182: 5
A183: P10181 | B183: 21 | C183: Female | D183: Riverside Medical | E183: Pulmonology | F183: Asthma | G183: United Health | H183: 2022-02-22 | I183: 2022-02-25 | J183: 3 | K183: 6363 | L183: Discharged | M183: 2.7
A184: P10182 | B184: 36 | C184: Male | D184: City General | E184: Oncology | F184: Lung Cancer | G184: Medicaid | H184: 2022-01-20 | I184: 2022-01-24 | J184: 4 | K184: 13686.76 | L184: Discharged | M184: 3.9
A185: P10183 | B185: 44 | C185: Female | D185: Valley Health | E185: Oncology | F185: Lymphoma | G185: United Health | H185: 2022-03-05 | I185: 2022-03-12 | J185: 7 | K185: 14311.2 | L185: Discharged | M185: 4.2
A186: P10184 | B186: 66 | C186: Female | D186: St. Mary's | E186: Emergency | F186: Severe Laceration | G186: Uninsured | H186: 2022-12-29 | I186: 2022-12-31 | J186: 2 | K186: 3421.92 | L186: Transferred | M186: 2.4
A187: P10185 | B187: 51 | C187: Female | D187: St. Mary's | E187: Orthopedics | F187: Spinal Stenosis | G187: Uninsured | H187: 2022-11-02 | I187: 2022-11-06 | J187: 4 | K187: 12620.41 | L187: Discharged | M187: 3.5
...

Sheet Dashboard
A1: Hospital Readmissions Dashboard
A2: Interactive summary — filter by hospital using the dropdown below
A4: Filter by Hospital: | B4: All Hospitals
A6: Filter criteria (internal): | B6: =IF($B$4="All Hospitals","*",$B$4) -> *
A8: Total Patients | B8: Avg Length of Stay | C8: Readmission Rate | D8: Avg Satisfaction
A9: =COUNTIFS('Raw Data'!D2:D751,$B$6) -> 750 | B9: =ROUND(AVERAGEIFS('Raw Data'!J2:J751,'Raw Data'!D2:D751,$B$6),1) -> 4.7 | C9: =ROUND(COUNTIFS('Raw Data'!D2:D751,$B$6,'Raw Data'!L2:L751,"Readmitted within 30d")/COUNTIFS('Raw Data'!D2:D751,$B$6)*100,1) -> 19.1 | D9: =ROUND(AVERAGEIFS('Raw Data'!M2:M751,'Raw Data'!D2:D751,$B$6),2) -> 3.55
A11: Readmission Rate by Insurance Type | F11: Cost per Day by Department
A12: Insurance Type | B12: Patients | C12: Readmission Rate | F12: Department | G12: Patients | H12: Avg Cost/Day
A13: Aetna | B13: =COUNTIFS('Raw Data'!D2:D751,$B$6,'Raw Data'!G2:G751,A13) -> 136 | C13: =ROUND(COUNTIFS('Raw Data'!D2:D751,$B$6,'Raw Data'!G2:G751,A13,'Raw Data'!L2:L751,"Readmitted within 30d")/B13*100,1) -> 18.4 | F13: Cardiology | G13: =COUNTIFS('Raw Data'!D2:D751,$B$6,'Raw Data'!E2:E751,F13) -> 118 | H13: =ROUND(SUMPRODUCT((($B$4="All Hospitals")+('Raw Data'!D2:D751=$B$4)>0)*1,('Raw Data'!E2:E751=F13)*1,'Raw Data'!K2:K751/'Raw Data'!J2:J751)/G13,0) -> 3022
A14: Blue Cross | B14: =COUNTIFS('Raw Data'!D2:D751,$B$6,'Raw Data'!G2:G751,A14) -> 128 | C14: =ROUND(COUNTIFS('Raw Data'!D2:D751,$B$6,'Raw Data'!G2:G751,A14,'Raw Data'!L2:L751,"Readmitted within 30d")/B14*100,1) -> 14.8 | F14: Emergency | G14: =COUNTIFS('Raw Data'!D2:D751,$B$6,'Raw Data'!E2:E751,F14) -> 120 | H14: =ROUND(SUMPRODUCT((($B$4="All Hospitals")+('Raw Data'!D2:D751=$B$4)>0)*1,('Raw Data'!E2:E751=F14)*1,'Raw Data'!K2:K751/'Raw Data'!J2:J751)/G14,0) -> 2522
A15: Medicaid | B15: =COUNTIFS('Raw Data'!D2:D751,$B$6,'Raw Data'!G2:G751,A15) -> 118 | C15: =ROUND(COUNTIFS('Raw Data'!D2:D751,$B$6,'Raw Data'!G2:G751,A15,'Raw Data'!L2:L751,"Readmitted within 30d")/B15*100,1) -> 16.1 | F15: Neurology | G15: =COUNTIFS('Raw Data'!D2:D751,$B$6,'Raw Data'!E2:E751,F15) -> 116 | H15: =ROUND(SUMPRODUCT((($B$4="All Hospitals")+('Raw Data'!D2:D751=$B$4)>0)*1,('Raw Data'!E2:E751=F15)*1,'Raw Data'!K2:K751/'Raw Data'!J2:J751)/G15,0) -> 1793
A16: Medicare | B16: =COUNTIFS('Raw Data'!D2:D751,$B$6,'Raw Data'!G2:G751,A16) -> 137 | C16: =ROUND(COUNTIFS('Raw Data'!D2:D751,$B$6,'Raw Data'!G2:G751,A16,'Raw Data'!L2:L751,"Readmitted within 30d")/B16*100,1) -> 17.5 | F16: Oncology | G16: =COUNTIFS('Raw Data'!D2:D751,$B$6,'Raw Data'!E2:E751,F16) -> 124 | H16: =ROUND(SUMPRODUCT((($B$4="All Hospitals")+('Raw Data'!D2:D751=$B$4)>0)*1,('Raw Data'!E2:E751=F16)*1,'Raw Data'!K2:K751/'Raw Data'!J2:J751)/G16,0) -> 2551
A17: Uninsured | B17: =COUNTIFS('Raw Data'!D2:D751,$B$6,'Raw Data'!G2:G751,A17) -> 114 | C17: =ROUND(COUNTIFS('Raw Data'!D2:D751,$B$6,'Raw Data'!G2:G751,A17,'Raw Data'!L2:L751,"Readmitted within 30d")/B17*100,1) -> 27.2 | F17: Orthopedics | G17: =COUNTIFS('Raw Data'!D2:D751,$B$6,'Raw Data'!E2:E751,F17) -> 137 | H17: =ROUND(SUMPRODUCT((($B$4="All Hospitals")+('Raw Data'!D2:D751=$B$4)>0)*1,('Raw Data'!E2:E751=F17)*1,'Raw Data'!K2:K751/'Raw Data'!J2:J751)/G17,0) -> 3229
A18: United Health | B18: =COUNTIFS('Raw Data'!D2:D751,$B$6,'Raw Data'!G2:G751,A18) -> 117 | C18: =ROUND(COUNTIFS('Raw Data'!D2:D751,$B$6,'Raw Data'!G2:G751,A18,'Raw Data'!L2:L751,"Readmitted within 30d")/B18*100,1) -> 21.4 | F18: Pulmonology | G18: =COUNTIFS('Raw Data'!D2:D751,$B$6,'Raw Data'!E2:E751,F18) -> 135 | H18: =ROUND(SUMPRODUCT((($B$4="All Hospitals")+('Raw Data'!D2:D751=$B$4)>0)*1,('Raw Data'!E2:E751=F18)*1,'Raw Data'!K2:K751/'Raw Data'!J2:J751)/G18,0) -> 2039
A21: Readmission Rate by Age Group | F21: Hospital-Level Summary (always all hospitals)
A22: Age Group | B22: Patients | C22: Readmission Rate | F22: Hospital | G22: Avg Cost | H22: Readmit %
A23: 18-30 | B23: =COUNTIFS('Raw Data'!D2:D751,$B$6,'Raw Data'!B2:B751,">="&18,'Raw Data'!B2:B751,"<="&30) -> 131 | C23: =ROUND(COUNTIFS('Raw Data'!D2:D751,$B$6,'Raw Data'!B2:B751,">="&18,'Raw Data'!B2:B751,"<="&30,'Raw Data'!L2:L751,"Readmitted within 30d")/B23*100,1) -> 19.8 | F23: City General | G23: =ROUND(AVERAGEIFS('Raw Data'!K2:K751,'Raw Data'!D2:D751,F23),0) -> 9543 | H23: =ROUND(COUNTIFS('Raw Data'!D2:D751,F23,'Raw Data'!L2:L751,"Readmitted within 30d")/COUNTIFS('Raw Data'!D2:D751,F23)*100,1) -> 13.5
A24: 31-45 | B24: =COUNTIFS('Raw Data'!D2:D751,$B$6,'Raw Data'!B2:B751,">="&31,'Raw Data'!B2:B751,"<="&45) -> 149 | C24: =ROUND(COUNTIFS('Raw Data'!D2:D751,$B$6,'Raw Data'!B2:B751,">="&31,'Raw Data'!B2:B751,"<="&45,'Raw Data'!L2:L751,"Readmitted within 30d")/B24*100,1) -> 18.8 | F24: Northside Clinic | G24: =ROUND(AVERAGEIFS('Raw Data'!K2:K751,'Raw Data'!D2:D751,F24),0) -> 9618 | H24: =ROUND(COUNTIFS('Raw Data'!D2:D751,F24,'Raw Data'!L2:L751,"Readmitted within 30d")/COUNTIFS('Raw Data'!D2:D751,F24)*100,1) -> 23.3
A25: 46-60 | B25: =COUNTIFS('Raw Data'!D2:D751,$B$6,'Raw Data'!B2:B751,">="&46,'Raw Data'!B2:B751,"<="&60) -> 144 | C25: =ROUND(COUNTIFS('Raw Data'!D2:D751,$B$6,'Raw Data'!B2:B751,">="&46,'Raw Data'!B2:B751,"<="&60,'Raw Data'!L2:L751,"Readmitted within 30d")/B25*100,1) -> 18.1 | F25: Riverside Medical | G25: =ROUND(AVERAGEIFS('Raw Data'!K2:K751,'Raw Data'!D2:D751,F25),0) -> 9382 | H25: =ROUND(COUNTIFS('Raw Data'!D2:D751,F25,'Raw Data'!L2:L751,"Readmitted within 30d")/COUNTIFS('Raw Data'!D2:D751,F25)*100,1) -> 18.4
A26: 61-75 | B26: =COUNTIFS('Raw Data'!D2:D751,$B$6,'Raw Data'!B2:B751,">="&61,'Raw Data'!B2:B751,"<="&75) -> 155 | C26: =ROUND(COUNTIFS('Raw Data'!D2:D751,$B$6,'Raw Data'!B2:B751,">="&61,'Raw Data'!B2:B751,"<="&75,'Raw Data'!L2:L751,"Readmitted within 30d")/B26*100,1) -> 14.2 | F26: St. Mary's | G26: =ROUND(AVERAGEIFS('Raw Data'!K2:K751,'Raw Data'!D2:D751,F26),0) -> 9190 | H26: =ROUND(COUNTIFS('Raw Data'!D2:D751,F26,'Raw Data'!L2:L751,"Readmitted within 30d")/COUNTIFS('Raw Data'!D2:D751,F26)*100,1) -> 21.6
A27: 76-90 | B27: =COUNTIFS('Raw Data'!D2:D751,$B$6,'Raw Data'!B2:B751,">="&76,'Raw Data'!B2:B751,"<="&90) -> 171 | C27: =ROUND(COUNTIFS('Raw Data'!D2:D751,$B$6,'Raw Data'!B2:B751,">="&76,'Raw Data'!B2:B751,"<="&90,'Raw Data'!L2:L751,"Readmitted within 30d")/B27*100,1) -> 24 | F27: Valley Health | G27: =ROUND(AVERAGEIFS('Raw Data'!K2:K751,'Raw Data'!D2:D751,F27),0) -> 10106 | H27: =ROUND(COUNTIFS('Raw Data'!D2:D751,F27,'Raw Data'!L2:L751,"Readmitted within 30d")/COUNTIFS('Raw Data'!D2:D751,F27)*100,1) -> 18.2
